intercept,sample_size,c_number,cov_mat,diag_cov,marginal_standardization_estimate,marginal_standardization_SE,ip_weighting_estimate,ip_weighting_robust_SE,ip_weighting_boot_SE
-2,1000,10,0,1,0.7181919119324055,0.13636425016094894,0.7649084193118494,0.1917412714849069,0.1585744957399615
-2,1000,10,0,1,0.44548245166549905,0.12538936863756966,0.5229382525162248,0.1906931753571148,0.15500083918529678
-2,1000,10,0,1,0.3756510031817658,0.12233108065918176,0.47766849074745266,0.17634459416702583,0.14189303521867333
-2,1000,10,0,1,0.6097296241264076,0.12353654909124273,0.7061766591315141,0.18545710436286894,0.14277324526435906
-2,1000,10,0,1,0.27932914295031375,0.11447762805384785,0.3515888004812645,0.164146704924983,0.1236147131332446
-2,1000,10,0,1,0.49927611580500497,0.13008238678506637,0.6149851895085311,0.18255969101594888,0.1485640116314459
-2,1000,10,0,1,0.3782554015612247,0.12373898267348332,0.40798898091959,0.17293458285060218,0.1371616171795369
-2,1000,10,0,1,0.2168340660456608,0.11881164031015524,0.26606924362814866,0.1823629464497178,0.13944474384769556
-2,1000,10,0,1,0.3386944349241,0.13105105880428658,0.41010698191261497,0.17909179626467342,0.1493408893857254
-2,1000,10,0,1,0.5798344066129152,0.13297133142836087,0.7512191672342945,0.18338027049749703,0.15660925516502097
-2,1000,10,0,1,0.3003744091017321,0.11587940834063051,0.356040069632274,0.1683798130657559,0.12657596795902012
-2,1000,10,0,1,0.23598494784420518,0.11612866522983813,0.26453151843831496,0.17958631997828634,0.12852917527199428
-2,1000,10,0,1,0.3621031913681054,0.1289508048689177,0.45272334605788,0.18015746770935132,0.1462331286583821
-2,1000,10,0,1,0.47872508700690075,0.12209446178944343,0.5430646194447736,0.18161759800622354,0.14599886311972674
-2,1000,10,0,1,0.4136576684639392,0.1287848110309162,0.4896969311820226,0.16856230528996557,0.14055404729238968
-2,1000,10,0,1,0.3115253681562196,0.11674314667735039,0.37790186250501934,0.18759899448186945,0.14695974750895602
-2,1000,10,0,1,0.3416563145069534,0.11601153121625711,0.3348786041336234,0.18063919425766067,0.1336743927324181
-2,1000,10,0,1,0.32886260391968286,0.12905686868089328,0.4381127732844765,0.1755920549710164,0.14489021770667554
-2,1000,10,0,1,0.5290535391728316,0.11593531495084017,0.6565150119618718,0.17522086861822148,0.1302597524275968
-2,1000,10,0,1,0.44500845131969996,0.12469857932417786,0.5326468886209634,0.17945617928342814,0.14304644125169044
-2,1000,10,0,1,0.4455800546373016,0.11896450588194549,0.5339962326925228,0.1874912511248334,0.14639911144591616
-2,1000,10,0,1,0.3751075380733217,0.1216653164441921,0.4390172759750782,0.19209654144243704,0.15251844960553373
-2,1000,10,0,1,0.48171197153404066,0.12397690992965492,0.5362215393091396,0.19112174619077035,0.1545520650975354
-2,1000,10,0,1,0.5178829220263442,0.125163137910734,0.5656862874368352,0.17632441455234701,0.13760481861448937
-2,1000,10,0,1,0.3984371181671471,0.11934294524357109,0.4432579733559585,0.17857184181331368,0.1354480648758004
-2,1000,10,0,1,0.4675509095979585,0.11828904685453039,0.4525565102496184,0.1840736273787177,0.13431666123118788
-2,1000,10,0,1,0.5008996775009741,0.1277292233531873,0.504927044039419,0.18527831375259887,0.14078432168750493
-2,1000,10,0,1,0.284134422197045,0.12276357995157715,0.361393275712484,0.1710886560253347,0.12869007695194912
-2,1000,10,0,1,0.5102787974691436,0.12511945453532877,0.5249353153318957,0.1942279180491225,0.1463518579243177
-2,1000,10,0,1,0.3684902106354561,0.1321405075905669,0.4467155968438932,0.1853215742337701,0.15020470447920037
-2,1000,10,0,1,0.46548840908634637,0.12655156418741173,0.5260945149240857,0.1803689293314656,0.1361322280623658
-2,1000,10,0,1,0.2906665255579176,0.12785813855581907,0.491455447330967,0.18715378742006925,0.1653478888748829
-2,1000,10,0,1,0.2460233027936593,0.11060938283431872,0.30413194183148656,0.18174269166351106,0.12857173808607908
-2,1000,10,0,1,0.5088882245343073,0.12567083293652187,0.6397403123195342,0.1846687437080337,0.14776255763785529
-2,1000,10,0,1,0.48947053982577843,0.1261274075477112,0.5269516905128567,0.18086797066867208,0.1390504050491309
-2,1000,10,0,1,0.28941292047361206,0.11419407492661067,0.3509778534492403,0.16515131071205721,0.12410075877338875
-2,1000,10,0,1,0.13250894551423703,0.1122333921953835,0.214242987989178,0.17489465419063652,0.12524357235127007
-2,1000,10,0,1,0.22177174287584564,0.11400794683956737,0.27294509695105235,0.18117440439384816,0.13289969740970717
-2,1000,10,0,1,0.46286616887052173,0.11768373541538593,0.5713073998876368,0.17048639278091027,0.13228046528352175
-2,1000,10,0,1,0.4336372381015143,0.12169150210155888,0.4963133776222496,0.16742753425326956,0.13273663095032992
-2,1000,10,0,1,0.3864869825432267,0.12367323275465625,0.3832012679842519,0.17893271146405199,0.13426913788536926
-2,1000,10,0,1,0.3748759751224087,0.1199226946062036,0.39869501897230536,0.1733708051739526,0.13263566711412275
-2,1000,10,0,1,0.3542971331009288,0.11195820547418879,0.35119904907933286,0.17049576139341913,0.12551784926800713
-2,1000,10,0,1,0.44772544351963406,0.12648678100287053,0.5720360291071194,0.18494042905461405,0.14287098275109567
-2,1000,10,0,1,0.2801019218352197,0.1266950632184584,0.42972742420585486,0.18025136791298021,0.13966331684230276
-2,1000,10,0,1,0.4088042841273389,0.12756387632660401,0.49124172163812696,0.18345697028496935,0.1493548442409916
-2,1000,10,0,1,0.44081654471159676,0.11830644184343711,0.5523091048148944,0.17368598851475256,0.1336848814119628
-2,1000,10,0,1,0.6688083494025212,0.1389626540127434,0.9476868896388206,0.17968566400181535,0.16147485413418025
-2,1000,10,0,1,0.46509270153852966,0.11281699605207539,0.49324746080889975,0.1756113695062184,0.12341236882374072
-2,1000,10,0,1,0.4258853614119506,0.12281491882331137,0.500884837316558,0.16500643680748667,0.13697056034390034
-2,1000,10,0,1,0.20857479112971458,0.1328807719417272,0.30389728386240966,0.19529475733463644,0.1627845721696962
-2,1000,10,0,1,0.4604893877972228,0.12833713195860894,0.512802106726545,0.1851216056445363,0.14821580479146024
-2,1000,10,0,1,0.30639472403525453,0.11887109282747904,0.40612447365726767,0.18088725870080957,0.13386240241481792
-2,1000,10,0,1,0.3835067009198907,0.12421068938658342,0.478645027699886,0.1699313427245602,0.13630497721880244
-2,1000,10,0,1,0.09932270589504547,0.11334549919536605,0.21932819615057034,0.162333152284091,0.12276895748518564
-2,1000,10,0,1,0.20566745564382738,0.12630500986570148,0.2613900470693377,0.17255732671148255,0.14120028593329914
-2,1000,10,0,1,0.3941634942962419,0.12177775303041903,0.3521409997450349,0.18082013420443846,0.13532193602170664
-2,1000,10,0,1,0.3120410142313731,0.11868657796759333,0.5227318284536825,0.1874203209079944,0.1550040695609279
-2,1000,10,0,1,0.42886987902876894,0.127582153335375,0.5334312303621735,0.19449497702442253,0.15564633526726665
-2,1000,10,0,1,0.4547759971320366,0.13379028274812968,0.5709640604104097,0.18724437009754408,0.15641720106447493
-2,1000,10,0,1,0.448111504243028,0.12138858192522546,0.5179862369490047,0.1702911926125477,0.1304910140780271
-2,1000,10,0,1,0.4288185921074731,0.12299859917021667,0.4897184244775781,0.17577689596454885,0.13154770437127705
-2,1000,10,0,1,0.43424751587256927,0.14000532328134882,0.5832871054326065,0.18624208943712878,0.16286389064806353
-2,1000,10,0,1,0.6730992872473468,0.14090009631571462,0.8357788409969498,0.19051178105055674,0.1564217227248529
-2,1000,10,0,1,0.45560187267316987,0.12841505194173952,0.46012438335576433,0.19081390090862002,0.14423359220423687
-2,1000,10,0,1,0.5718148667772193,0.1315762636620065,0.76482317983008,0.18461074400057473,0.16142040429120008
-2,1000,10,0,1,0.5813358969910492,0.1314146626356509,0.6083128977752739,0.1829729407698096,0.1434062287793654
-2,1000,10,0,1,0.5220131668856978,0.13074224914713456,0.5998390293795273,0.19512932491879328,0.1511742753430173
-2,1000,10,0,1,0.4973621968565542,0.1352762966020891,0.6389845460842908,0.18347595189702362,0.1506094817719591
-2,1000,10,0,1,0.5059711986438011,0.12929424966831865,0.6526462394679765,0.18076505656994676,0.15710658662650903
-2,1000,10,0,1,0.43300240904794035,0.12299872711104202,0.5040117718654823,0.18191989191191185,0.1318057659324513
-2,1000,10,0,1,0.4095400125031887,0.11298921062541321,0.4389389068313688,0.1697697841120318,0.12232733769796933
-2,1000,10,0,1,0.30952732060479937,0.1195508870038413,0.38818892316796944,0.1962716892607456,0.14680968428523727
-2,1000,10,0,1,0.37032848662490664,0.1187821331236207,0.421053542824669,0.16658108172688224,0.12908681027802196
-2,1000,10,0,1,0.2602873381784581,0.12560096936992513,0.311360907517676,0.1749650750419374,0.13628360652534538
-2,1000,10,0,1,0.298077208236897,0.11504988183785352,0.334786600763608,0.18326262988947203,0.13132699361632144
-2,1000,10,0,1,0.2520291673088272,0.12469002017601889,0.34581540105472397,0.1740865359899054,0.13725957715175738
-2,1000,10,0,1,0.32822591439711074,0.12261798077143295,0.43984753301148344,0.1761318177763262,0.14622138362951825
-2,1000,10,0,1,0.3543596074702715,0.1112332224484263,0.360228253065602,0.1738832294071724,0.12431068209809702
-2,1000,10,0,1,0.6711749199945171,0.1338247047598564,0.8968272823536109,0.18589370716370637,0.16034372574874015
-2,1000,10,0,1,0.3979721076939441,0.13581165453694727,0.48044853987411673,0.17619258847998887,0.1399813524053302
-2,1000,10,0,1,0.2279710801973945,0.1160057676089694,0.17414540625291106,0.18100122670947605,0.1288786344220277
-2,1000,10,0,1,0.18500384916407783,0.11273137758519267,0.24832337183953107,0.17375183430124594,0.1256361749001435
-2,1000,10,0,1,0.312641625969842,0.12233993459351208,0.41404277765823017,0.1742943547263711,0.13425032900035308
-2,1000,10,0,1,0.7214575954615562,0.14175632146151984,0.8235129730784232,0.1967892233083712,0.1686855069795607
-2,1000,10,0,1,0.484614136943787,0.12563474923063309,0.5799023439551816,0.17309856078300895,0.13885904965706533
-2,1000,10,0,1,0.4108712443573508,0.12261808818582298,0.545104365955809,0.1731864066759763,0.14406431550019408
-2,1000,10,0,1,0.31105564419030873,0.12121983148313077,0.3594330777272917,0.16219824627260995,0.12952920970772128
-2,1000,10,0,1,0.2821170580018909,0.12292167238240838,0.2936887566770386,0.19057765476012345,0.14304622313092893
-2,1000,10,0,1,0.5756587126498035,0.13104756057136077,0.532396819251219,0.19496989102821785,0.1510274349492777
-2,1000,10,0,1,0.26170311832026233,0.12739933422236488,0.4373767087643201,0.19057311133907862,0.15677330245997223
-2,1000,10,0,1,0.25400932796606673,0.1223499221766297,0.32400695090028914,0.1815485395395574,0.13676781770815613
-2,1000,10,0,1,0.32646069815527295,0.11655247517255514,0.418968785968096,0.18741080252185682,0.14325786867047996
-2,1000,10,0,1,0.4023161184326209,0.11983795017672602,0.5436344160438892,0.1771756708278332,0.14147872839083372
-2,1000,10,0,1,0.31321428736117246,0.11454824936468662,0.3909961492605199,0.1758741802689589,0.13173583499453978
-2,1000,10,0,1,0.6283831265216102,0.12637047078555927,0.7470409167820965,0.19169382277382324,0.1577800522409476
-2,1000,10,0,1,0.5732915341199725,0.13710577528930698,0.5979428600566606,0.1748879277090194,0.1450896974440466
-2,1000,10,0,1,0.34058838105014716,0.1320347396157835,0.40827123484871336,0.1831574154198139,0.14794385963874726
-2,1000,10,0,1,0.41246176181560296,0.12288715491456585,0.4770472232070422,0.19455381848375278,0.1467734252128571
-2,1000,10,0,1,0.4180375596503259,0.1279570184358622,0.6038805312537785,0.1794262508005213,0.14428909288974393
-2,1000,10,0,1,0.2768665404625329,0.120827509203385,0.340124580499046,0.17776633566310876,0.13518268738014627
-2,1000,10,0,1,0.33658607286996406,0.13459941502726347,0.3861413213067249,0.18573995343818947,0.1530503838602682
-2,1000,10,0,1,0.34529754716567657,0.11758753708527818,0.3476949359019164,0.1747386256513364,0.12499471248963251
-2,1000,10,0,1,0.2324680698730358,0.12470863123299271,0.35726006798144744,0.17781714818244135,0.1490698020905713
-2,1000,10,0,1,0.36508869140442884,0.12172425682630234,0.44208408780769404,0.1798589520219391,0.14500131565345428
-2,1000,10,0,1,0.34236994512216606,0.12033657697991788,0.3862097113856355,0.1939323732665009,0.1570253140205889
-2,1000,10,0,1,0.276029596041222,0.12387517400879457,0.3155803969771694,0.1953464625243703,0.15738607667780755
-2,1000,10,0,1,0.26250799069724207,0.13067231544743105,0.3392774389369558,0.17680411424285172,0.14697555505623192
-2,1000,10,0,1,0.5152389467910888,0.12423562693222846,0.5916551575886165,0.1784006448220014,0.1398076769480425
-2,1000,10,0,1,0.3840502402303141,0.13007923947310748,0.4259511416387523,0.18192495908315373,0.14103604094146205
-2,1000,10,0,1,0.5262640319805623,0.1353715951213526,0.5659996644515429,0.1994531579454821,0.16172248530706335
-2,1000,10,0,1,0.40792419744937963,0.10887482914467357,0.5071093879242738,0.16499144090166498,0.12593599403059966
-2,1000,10,0,1,0.3643221985251962,0.1262752766218131,0.46489361707779975,0.17184216299306135,0.14133531047087428
-2,1000,10,0,1,0.6035628314574905,0.12815680016180933,0.6426917042658911,0.1773257964016158,0.14320976306778885
-2,1000,10,0,1,0.4622934647418421,0.11921584158771746,0.45505953674345717,0.18563558002526984,0.13577545982502082
-2,1000,10,0,1,0.5170231334683134,0.12239734386646901,0.5423116726071309,0.196917257540316,0.14743502508984058
-2,1000,10,0,1,0.35899653982647783,0.12277779764110328,0.4519851342949104,0.19336263483323557,0.15294464065682578
-2,1000,10,0,1,0.4106540281174742,0.12499994348927039,0.5364551868376869,0.17723016235435252,0.14463475083684185
-2,1000,10,0,1,0.2894637862845875,0.11738275245689724,0.33566544760044703,0.16913326122085898,0.13038609649959104
-2,1000,10,0,1,0.27240662294053475,0.11499687539182829,0.30218717689688596,0.1693259929009233,0.13114105990640101
-2,1000,10,0,1,0.5056386899627848,0.12954401588371983,0.4660662815679672,0.20954690871189113,0.16580378022564313
-2,1000,10,0,1,0.6562382703973482,0.13082017744943067,0.7789612436998463,0.18350809765735548,0.15132592509131107
-2,1000,10,0,1,0.4730111115236554,0.13068680445872322,0.47384406854384103,0.19284956223920854,0.15894460985627856
-2,1000,10,0,1,0.2896162826710624,0.1253393362237608,0.5319260374331172,0.1764071099216395,0.14335167078303201
-2,1000,10,0,1,0.0998545576418684,0.11194275251626462,0.17781321263088828,0.17368834668074526,0.1300613195931684
-2,1000,10,0,1,0.37712109408426264,0.1321938975612992,0.4629796286511807,0.19011364805348827,0.15076159669974368
-2,1000,10,0,1,0.6139935674818005,0.1291035561255732,0.6671897415364403,0.18414421203565584,0.1456127981868725
-2,1000,10,0,1,0.4759061914472617,0.12820952597333263,0.5877578623785928,0.196099202722557,0.17119371615051007
-2,1000,10,0,1,0.36520075428518955,0.13703527422133246,0.36556807311180506,0.19702270326838556,0.17093999508679358
-2,1000,10,0,1,0.43751602419031604,0.1372024257807993,0.4779217824467603,0.1787144918331237,0.15224348208394026
-2,1000,10,0,1,0.3535589610045554,0.11629391105819899,0.4439883898916791,0.17133370157277572,0.13143466472504872
-2,1000,10,0,1,0.23904616024824893,0.11088600467270437,0.3763438899109923,0.17685880766702616,0.12804445574941187
-2,1000,10,0,1,0.48283441814407513,0.1224662205550449,0.5146460718850008,0.17721134998427446,0.12745640048671347
-2,1000,10,0,1,0.5148191087421917,0.12956101894104385,0.5327218099914564,0.19444285935953198,0.1581711265947417
-2,1000,10,0,1,0.37888930723375563,0.1124883669436546,0.3984537037936061,0.18559787990899185,0.12710057044662054
-2,1000,10,0,1,0.44564145519815285,0.13117342564941728,0.4352014930925076,0.1882517356568442,0.15633986258336122
-2,1000,10,0,1,0.5933714088305017,0.1421275046800717,0.7216339317177375,0.19150396276675227,0.15335069561788592
-2,1000,10,0,1,0.37397584842033665,0.11936957270610918,0.4367917968652793,0.18523487517493262,0.14868534762717003
-2,1000,10,0,1,0.3661785092492267,0.126113251621976,0.47136347263438894,0.18732898322439354,0.15266739129651685
-2,1000,10,0,1,0.31228239482763925,0.11192897120584795,0.34864154698488176,0.175408164411407,0.12658277912459368
-2,1000,10,0,1,0.3953628402717562,0.1345469719406147,0.41773017414915864,0.18800637343192075,0.15257014020683368
-2,1000,10,0,1,0.23095594439011602,0.12115426310256971,0.21128168481087423,0.17488032282611374,0.13085093897795175
-2,1000,10,0,1,0.4184446593612292,0.12309263706599737,0.5163367866524495,0.1695136868839069,0.1341766709633435
-2,1000,10,0,1,0.4918787358250045,0.12061390765442906,0.5786242739528311,0.17893087098671998,0.13997295152496972
-2,1000,10,0,1,0.46521663192489027,0.12459929350874277,0.6024750183952616,0.17260818403602265,0.14267414237512385
-2,1000,10,0,1,0.4551749597408637,0.11485023526435914,0.4400495808114538,0.16859681562242748,0.1206470772447682
-2,1000,10,0,1,0.3507200108731213,0.11594208547974424,0.4925845936385493,0.17997083441983888,0.13492379176635622
-2,1000,10,0,1,0.4480962690405083,0.12493133015234274,0.4598123646092549,0.17867327601481026,0.1370414482847595
-2,1000,10,0,1,0.3892738964644183,0.1238573446889842,0.3993623366674055,0.18484676168260877,0.14993861209735415
-2,1000,10,0,1,0.20851132881011084,0.11909574689394872,0.41420220207284986,0.17223528219438902,0.142173496329032
-2,1000,10,0,1,0.3780296837412114,0.13651459687402054,0.41815911231955505,0.18533078796355645,0.15675957419791936
-2,1000,10,0,1,0.25905558808337176,0.1263436087042548,0.3930409681879787,0.17980236546596687,0.1522423557537628
-2,1000,10,0,1,0.3761837759943518,0.11734902710541611,0.3323942323070086,0.19862315535958044,0.14738450239312212
-2,1000,10,0,1,0.5826691082121154,0.1199178869900351,0.5307541374572199,0.18583129514907526,0.13730182709240962
-2,1000,10,0,1,0.257573311987579,0.12880486488127454,0.3078491516320303,0.18711807094800656,0.1526092785720469
-2,1000,10,0,1,0.039959260658309945,0.11646053532675878,0.09102536137769485,0.17546407548699153,0.12695683143326245
-2,1000,10,0,1,0.5056964598406652,0.1314562828582237,0.5928539040571068,0.18324137135177165,0.15362167431614882
-2,1000,10,0,1,0.5552332525085559,0.11156708470217874,0.6310354819553132,0.17859127509461137,0.1338404012652101
-2,1000,10,0,1,0.6193337882976362,0.12813234671011245,0.7267840611868671,0.18205826731462033,0.14197463494650936
-2,1000,10,0,1,0.42506188241133386,0.11681901306700479,0.49151872510107536,0.1700585740897299,0.12715463462138724
-2,1000,10,0,1,0.3775771739292504,0.11398213256207954,0.4425327313214666,0.18196955170263404,0.13751559124032395
-2,1000,10,0,1,0.20320997877163322,0.12299623947405373,0.26109890717075546,0.1866605389122402,0.16040481549352445
-2,1000,10,0,1,0.4228869447462916,0.12724088656348026,0.5543114719240262,0.18858692372826294,0.14585959967752338
-2,1000,10,0,1,0.5443121266775542,0.11544160420611563,0.5634714264008913,0.1738598421043113,0.12909822758168513
-2,1000,10,0,1,0.35220510537675437,0.13082718474792066,0.40234889150317726,0.17190965119211554,0.14311876332544543
-2,1000,10,0,1,0.533662378888442,0.13771912726804397,0.5359230652950976,0.1873793449728248,0.14812303700708818
-2,1000,10,0,1,0.39350533053846365,0.12555957575682947,0.4220000755515782,0.19309902584214417,0.1474515846705393
-2,1000,10,0,1,0.36831584168206366,0.126477970138506,0.38875984277050873,0.18895896948450455,0.148360618959948
-2,1000,10,0,1,0.3474566043644794,0.12247945794036039,0.4153159437494032,0.17899809407257042,0.13442858006667793
-2,1000,10,0,1,0.39450405135892913,0.1194142722446819,0.45822087217526086,0.17508272689649698,0.13411215936210552
-2,1000,10,0,1,0.3186238407047157,0.11181731607196016,0.3467931469392065,0.17874852003696434,0.13182222115124842
-2,1000,10,0,1,0.3988812214593296,0.1263023831541349,0.4935202654205874,0.17669114551463191,0.14146558040670376
-2,1000,10,0,1,0.36464052785835804,0.1180495993864449,0.45094498033068,0.17856757200000686,0.13400418846981138
-2,1000,10,0,1,0.4636392963718189,0.13122360435830482,0.6399178731185854,0.17839875759011228,0.15082255615043716
-2,1000,10,0,1,0.20390554751877935,0.11217412487796972,0.2751989098187781,0.17492472948131438,0.13028883662413623
-2,1000,10,0,1,0.5568403563480337,0.127651196501036,0.5913042584131275,0.18933901897178684,0.14320800781291684
-2,1000,10,0,1,0.38885949826079724,0.11353280182795743,0.4247129790696549,0.17085765883366136,0.12375605529706903
-2,1000,10,0,1,0.2967713478357983,0.12928249577569814,0.32534359185156964,0.17830676847818136,0.14539233806041724
-2,1000,10,0,1,0.3714655244524669,0.11887365058302331,0.42455518337328746,0.1814064710289285,0.13933485637937748
-2,1000,10,0,1,0.31728047522018676,0.11325608709811921,0.37538525932458783,0.16767116540801463,0.12022212479323648
-2,1000,10,0,1,0.2179210036799098,0.11182314163561323,0.323646962181435,0.17618214874349056,0.13123217698969702
-2,1000,10,0,1,0.3311522538493411,0.1203007674680828,0.4199760455760185,0.17738611829929316,0.14184010185583723
-2,1000,10,0,1,0.49445209089609266,0.11859573957515208,0.645618423504696,0.18411280020040866,0.14211892601320153
-2,1000,10,0,1,0.24481778954214437,0.11346022407829129,0.36157970830751063,0.18023125879748086,0.1403452433557171
-2,1000,10,0,1,0.2514266773398851,0.11905317367596781,0.32501365387341163,0.17891630398136604,0.13822246664109158
-2,1000,10,0,1,0.41447457060749954,0.12383061771213348,0.5002918653505252,0.17753198859078786,0.143656280555364
-2,1000,10,0,1,0.32601320427135244,0.1113953320138958,0.3560764656509376,0.17593887672840183,0.12874649662041773
-2,1000,10,0,1,0.2972199169253175,0.11460117198300902,0.37868772900547826,0.18953987034709163,0.13943411376345377
-2,1000,10,0,1,0.37796830520675495,0.1224793885433809,0.43316585016576375,0.1751370518253882,0.13780384198754433
-2,1000,10,0,1,0.2830739835980799,0.12246226551119563,0.3696557391096827,0.1910608208030811,0.15753922063360112
-2,1000,10,0,1,0.20294936307629927,0.12579353938339358,0.34620441429634286,0.17405901311390354,0.142001952578643
-2,1000,10,0,1,0.3993565488425284,0.11426490531864542,0.42268437227064715,0.1761988637841944,0.13389166094175073
-2,1000,10,0,1,0.4490918275596934,0.1252762177606453,0.5276654886117652,0.18177805290495141,0.13950084041619665
-2,1000,10,0,1,0.3098323523298659,0.10834361485795972,0.29022632853515046,0.17170596128896534,0.11561523720335362
-2,1000,10,0,1,0.2258077544168095,0.11633501764144279,0.41257314715881654,0.17888706375302443,0.1319321652026341
-2,1000,10,0,1,0.538750602076454,0.12449454518700138,0.61415294828943,0.18437103082061929,0.1437675610803091
-2,1000,10,0,1,0.47981969284426096,0.12431560600727444,0.640930099391875,0.1763400985378158,0.14445921787315052
-2,1000,10,0,1,0.34142229186946466,0.12079700149259696,0.3560549984370727,0.17725048166077426,0.1359295300912507
-2,1000,10,0,1,0.5062645541266712,0.12986531040621552,0.6094075870726635,0.1788053749296568,0.1461039063313289
-2,1000,10,0,1,0.37920179313035013,0.12564800768019013,0.46561529790705225,0.19289821607585972,0.15521076475448684
-2,1000,25,0,1,0.31971004064247843,0.1030823649717311,0.6764508132101509,0.20979892340043235,0.1769134768849665
-2,1000,25,0,1,0.31420455954046633,0.105750123186471,0.5993149675794155,0.20942788826445344,0.18233263327690005
-2,1000,25,0,1,0.3969197176358566,0.1054058748836687,0.6168700658334942,0.2158166480210711,0.1647009956904293
-2,1000,25,0,1,0.3110170618376592,0.11287097761406126,0.39306546256192487,0.22029842363667126,0.175445193660344
-2,1000,25,0,1,0.2509271793389907,0.1058171021950127,0.511745808813544,0.22181082759804274,0.20798721717562232
-2,1000,25,0,1,0.23438031740844295,0.09460999823476567,0.3586543706238354,0.22129731698873367,0.18093484868801155
-2,1000,25,0,1,0.1957499365040404,0.09979518515985321,0.5448012021726955,0.19517320350029088,0.17253484921868742
-2,1000,25,0,1,0.33853183899574957,0.10541762218364335,0.7691197362223838,0.20189946530851008,0.15470682938097308
-2,1000,25,0,1,0.28573945813642593,0.10836028080699589,0.5746857573028475,0.23049085941822706,0.18730320332354564
-2,1000,25,0,1,0.2893955728259165,0.11010600379305528,0.37624070050712083,0.22896448032080355,0.1949844388657539
-2,1000,25,0,1,0.27590766555417706,0.09658941715319797,0.5146511884501727,0.2082638562147046,0.1614733647356008
-2,1000,25,0,1,0.2419186540162695,0.10435686760690967,0.526048272974727,0.19354043540231555,0.15679612916353655
-2,1000,25,0,1,0.2950206970888124,0.10469009233555743,0.5660915368791813,0.20979050119779935,0.15358683741117807
-2,1000,25,0,1,0.33836447094051775,0.1028129986656397,0.519786090672239,0.20935387034494285,0.1918457906806986
-2,1000,25,0,1,0.4073892457370838,0.0980272779854227,0.6305222899167358,0.22045580224212094,0.19240562911501582
-2,1000,25,0,1,0.27023138964286214,0.10325548352299073,0.46677685505170474,0.23117608429886194,0.1780835351483232
-2,1000,25,0,1,0.3938476915907485,0.10679555577506546,0.7738165711044601,0.2029605971513846,0.15928498891051115
-2,1000,25,0,1,0.32036608380179016,0.1044716937024516,0.4780381249285381,0.217719651184554,0.16395367397696797
-2,1000,25,0,1,0.24769890203992018,0.102817224651969,0.4117023631359565,0.213404196304011,0.16902333434087888
-2,1000,25,0,1,0.38602666909161815,0.10749951851403385,0.5776242374635447,0.24486464737115973,0.23655511971215404
-2,1000,25,0,1,0.17015336321475,0.0981013362021562,0.5171323140664705,0.20832320468116977,0.16374232163152783
-2,1000,25,0,1,0.1843405204551151,0.10081149234717954,0.23187313088072664,0.2173740334603447,0.15198968773721672
-2,1000,25,0,1,0.28988093458758735,0.10032820162357928,0.5944154653173919,0.20995830426858406,0.169677583582309
-2,1000,25,0,1,0.42557870741856746,0.10747423665312658,0.6207336154211645,0.21282403859957277,0.17448310255581378
-2,1000,25,0,1,0.045322997028729196,0.10024499219300032,0.2101879173467707,0.22060923791768974,0.16561545400989613
-2,1000,25,0,1,0.48192656811025664,0.10827720757479485,0.7619232006908297,0.21586419171639512,0.16718669224405067
-2,1000,25,0,1,0.3214955129646418,0.11736821868184834,0.28942494042969114,0.2707841922798988,0.254901285240096
-2,1000,25,0,1,0.20158315357500636,0.10501097366209,0.20195448259080911,0.2214727582790235,0.17849863546420974
-2,1000,25,0,1,0.13350507988327157,0.10194264541666581,0.3972479331548882,0.184500338390354,0.14004858043391566
-2,1000,25,0,1,0.40233985710518727,0.11734565514591658,0.588581385919075,0.2462518039913721,0.22981099650154246
-2,1000,25,0,1,0.44119836407664814,0.11564173585923257,0.5704385984202546,0.23991681659768982,0.20074414596543055
-2,1000,25,0,1,0.16019983199798496,0.10517150468816859,0.4562430747154277,0.1948558712824239,0.14839950651957226
-2,1000,25,0,1,0.1543123497547589,0.09421855022397232,0.3722918414455852,0.20170080477262795,0.15284389383933342
-2,1000,25,0,1,0.5441369493327126,0.11068975780109663,0.8494036938043459,0.20810152247096433,0.15789360440271902
-2,1000,25,0,1,0.34715526838805477,0.10919435248522585,0.6872708342499477,0.23794879656218232,0.22641328018316662
-2,1000,25,0,1,0.2508667510695625,0.10364049828400816,0.4916848005932432,0.20196037732368263,0.15077495390786289
-2,1000,25,0,1,0.270908326719055,0.09874593070464914,0.4940730030581699,0.20567827524298748,0.15907516154425672
-2,1000,25,0,1,0.23574602650720078,0.10688937989062278,0.6121434515932034,0.19626484523303167,0.14964827084219384
-2,1000,25,0,1,0.29162455712508295,0.10774917538832432,0.429564181991688,0.19453147408831872,0.14691618365508197
-2,1000,25,0,1,0.11510971870845864,0.09195200117824491,0.34862746419202423,0.21195623631372912,0.17221846577087602
-2,1000,25,0,1,0.21546407277013094,0.10388300174310601,0.42735664572935206,0.2202259866636406,0.16742531855413095
-2,1000,25,0,1,0.09470346970912814,0.09336343006203562,0.12821518156526937,0.2033197397905792,0.147352676497535
-2,1000,25,0,1,0.44334525424109805,0.10177770126307382,0.6207275915086098,0.22511744796255861,0.18677153357868412
-2,1000,25,0,1,0.11306007119928987,0.08965249032903362,0.1904709556510377,0.20899885474613392,0.16433253644808674
-2,1000,25,0,1,0.22300162895379505,0.10107173948566199,0.26046782489493436,0.23240837520000202,0.20080831251993594
-2,1000,25,0,1,0.3511840986710381,0.10719384198592218,0.6188401799578358,0.23359090945860797,0.20446140457701975
-2,1000,25,0,1,0.2818308388052627,0.09471925666387579,0.4019229479613715,0.21256544535959704,0.1417992478108469
-2,1000,25,0,1,0.20489180247508434,0.09006152060616371,0.34313198598099576,0.20918129435251634,0.14960364283873354
-2,1000,25,0,1,0.4491563063745239,0.10909054661045976,0.6826089468815006,0.2167495017926711,0.16914843432985904
-2,1000,25,0,1,0.4719253136378588,0.10560779192258513,0.5137437327357974,0.2244276198138379,0.15585259261614512
-2,1000,25,0,1,0.18773961947453394,0.08617095488658193,0.49594551665338843,0.18996906916426498,0.13502228750577497
-2,1000,25,0,1,0.30876168688196454,0.10367833251995758,0.6899003271026078,0.21514725875840435,0.18167531032430817
-2,1000,25,0,1,0.05534484471402658,0.09124738929992585,0.27276485990292776,0.217890200372466,0.18802540958826433
-2,1000,25,0,1,0.19574348018274093,0.10218752683259649,0.6324720612062136,0.21566449074713565,0.19335115302003936
-2,1000,25,0,1,0.3071382386486782,0.10512792512231292,0.5501489216980603,0.20673523335866165,0.1594169610645214
-2,1000,25,0,1,0.2847669874637826,0.10471998656921026,0.5577436911661658,0.21056796188393517,0.16525488237105704
-2,1000,25,0,1,0.3654268329941013,0.107754708899122,0.5069503770010716,0.21760598448424406,0.17770727199921196
-2,1000,25,0,1,0.2944140808724569,0.09731013778131636,0.3391347370139336,0.23791564410843857,0.17947229448722726
-2,1000,25,0,1,0.22897571720549767,0.09447088644266077,0.3705495617042145,0.20383638036681123,0.15105303485454735
-2,1000,25,0,1,0.21839359352274365,0.10784543069767856,0.37347863515015517,0.19920318911312584,0.15214778791776631
-2,1000,25,0,1,0.29568961536030514,0.10046527732072873,0.4362091737110426,0.19777358260851885,0.1463880734309059
-2,1000,25,0,1,0.340182732912776,0.11302128331842445,0.42374165661160024,0.2137141083610682,0.16843674388510235
-2,1000,25,0,1,0.2464788089060162,0.11384197162361788,0.32164854017730393,0.23836263425241605,0.1711585557284363
-2,1000,25,0,1,0.4367035994739145,0.10887781308418934,0.6846233363526618,0.21233697894329978,0.1760214109726524
-2,1000,25,0,1,0.24208684674309616,0.09449391263976038,0.2979200707490952,0.22326522652519665,0.1627635429416347
-2,1000,25,0,1,0.15623756509879325,0.09846311495398989,0.4628177105360835,0.22157313556429725,0.19791481385459517
-2,1000,25,0,1,0.19132937762196214,0.09829918799111041,0.3777934634701915,0.19284615863808433,0.14847140866309108
-2,1000,25,0,1,0.3459876433388591,0.10411255450437747,0.6858571382912949,0.21701149071718492,0.1976060369360827
-2,1000,25,0,1,0.24215956723028997,0.10228085777779099,0.3977497739661406,0.25439462891053655,0.26784485992074014
-2,1000,25,0,1,0.3521563283790126,0.10059526008020206,0.4311720702632284,0.2004336746835486,0.1537220114655664
-2,1000,25,0,1,0.5236490117486574,0.10815749477781668,0.7626415569610107,0.24671539373565066,0.2038683993488275
-2,1000,25,0,1,0.24986637877574117,0.10160852918999069,0.5204275160642636,0.18975959288193547,0.13509346107966974
-2,1000,25,0,1,0.2597451768470073,0.10421487978249279,0.5106377566021157,0.21976772529602637,0.1718297657952178
-2,1000,25,0,1,0.557073436819752,0.11484425169213476,0.7813411705528495,0.2237640940612302,0.17085960220069513
-2,1000,25,0,1,0.20690198615077862,0.11116451717987136,0.34682765387010406,0.2181136586749962,0.16936376330270353
-2,1000,25,0,1,0.4567388420560925,0.11047264623808033,0.5697772555171486,0.22335556606609244,0.18947344912199987
-2,1000,25,0,1,0.27437876389783633,0.10260743039405332,0.39796255936253194,0.20571733745572013,0.23509782440418692
-2,1000,25,0,1,0.30725094519627066,0.09040751771500191,0.5405764243154311,0.18731687005228434,0.13207107569062218
-2,1000,25,0,1,0.346695325557691,0.09892044576860322,0.6464223793908062,0.21196621110394415,0.17796196773631417
-2,1000,25,0,1,0.08955922158012834,0.09831092083779976,0.2820935853316346,0.19077365097429386,0.13621142878972148
-2,1000,25,0,1,0.5640675001455271,0.12528486186590407,1.065811734414645,0.21299449414795804,0.19926557709766546
-2,1000,25,0,1,0.28650415191729167,0.10147817478163512,0.34214795283804206,0.2097314455084354,0.1577747677135083
-2,1000,25,0,1,0.3454639031886209,0.09632110832305577,0.7280701640128602,0.20337875183645654,0.15874799093708433
-2,1000,25,0,1,0.17174380839752576,0.09633430707569574,0.32938848562213013,0.2127054285649832,0.15229643005612253
-2,1000,25,0,1,0.3759869851827029,0.10874905866889653,0.6649079758122246,0.1927727104280795,0.13702242263855174
-2,1000,25,0,1,0.3681168325068485,0.11024308670635832,0.5747880634829413,0.21720351124034468,0.174247474067183
-2,1000,25,0,1,0.36646294031287996,0.09911675792081015,0.43050532113514495,0.21368463571506574,0.16753658622219103
-2,1000,25,0,1,0.23074142108543122,0.10263778537428943,0.30964186902041335,0.2175648245012407,0.16921053643728254
-2,1000,25,0,1,0.3354120408854864,0.1101020805164462,0.5841396591691514,0.2369211648956067,0.19930725599240856
-2,1000,25,0,1,0.2588044921211842,0.09243056085842177,0.5813591715362064,0.1999617150639806,0.14915880298538145
-2,1000,25,0,1,0.2759239215924775,0.10562200881067225,0.42444503654136706,0.19673865550660408,0.13626869836094047
-2,1000,25,0,1,0.36632010496448103,0.1129013872907892,0.4265445161654693,0.24790071986036885,0.20790213645660277
-2,1000,25,0,1,0.1257513669500384,0.10144946451893463,0.37808080850248105,0.194393145439211,0.14809250124840997
-2,1000,25,0,1,0.2631532266137181,0.10000098191314388,0.36354644458096796,0.19441977992046655,0.15061278901610684
-2,1000,25,0,1,0.2689165118914668,0.09862202023242415,0.5251167165607389,0.20726137449858845,0.15890419889250784
-2,1000,25,0,1,0.3323354448965473,0.10024960381190454,0.5007865265217396,0.21616994265924275,0.15368062158153017
-2,1000,25,0,1,0.2236764816138438,0.10079092372524072,0.4301468334749769,0.20332505578355478,0.16660772967335594
-2,1000,25,0,1,0.30634560108663733,0.11482406771874384,0.1354853435102552,0.23829230526660036,0.18460019823578663
-2,1000,25,0,1,0.10625968118493617,0.08631126096238917,0.44641151085979086,0.1939986066487532,0.16292874476148686
-2,1000,25,0,1,0.28442676512083526,0.10542573619280635,0.6352009172651526,0.20544342113560962,0.16952061002337168
-2,1000,25,0,1,0.4024955584837645,0.11319151945544902,0.5398490512496671,0.27288045662762456,0.2914425959462443
-2,1000,25,0,1,0.19483021553410781,0.09863217740410418,0.34564337813942864,0.1918280865027112,0.13843035816777538
-2,1000,25,0,1,0.10570754276141628,0.08590902407361684,0.14787756666403595,0.22957626584248678,0.1935489599556161
-2,1000,25,0,1,0.18562555422285218,0.09958183663190999,0.428026586076462,0.2037732295997912,0.14864239356750636
-2,1000,25,0,1,0.3271922247756871,0.1090594948514131,0.49686018394960874,0.21608923029432908,0.20107975855344623
-2,1000,25,0,1,0.4971551322614725,0.12217065462284367,0.9186965929186744,0.21760373217871518,0.21768070744682677
-2,1000,25,0,1,0.5647371447418783,0.12163371431492678,0.7941566332213326,0.23009973512906934,0.19867044461699235
-2,1000,25,0,1,0.18177456229273112,0.09787064880701427,0.27426251453669936,0.2379547890023963,0.1781491419371962
-2,1000,25,0,1,0.07684850418301242,0.1013435993406047,0.16298300637587937,0.21457180431765663,0.1670565927041759
-2,1000,25,0,1,0.3798075136555243,0.10090356438310284,0.465131496234783,0.22958469431804207,0.1814215220905529
-2,1000,25,0,1,0.22208963452702718,0.0932915540958264,0.48506571991590736,0.19506740789126997,0.14346889570560495
-2,1000,25,0,1,0.3276114322438198,0.10146523799202257,0.6406081924408723,0.19829306684604725,0.17319659508169
-2,1000,25,0,1,0.19896251592813788,0.09366543635205901,0.5354977186056161,0.1923761002572751,0.1359631289823956
-2,1000,25,0,1,0.2583382243200792,0.10333910553388145,0.29415132070361016,0.24081613703186094,0.20459293598194925
-2,1000,25,0,1,0.31562294149109205,0.10077815292436704,0.657576765130771,0.2001304910089663,0.15594201618508455
-2,1000,25,0,1,0.16510219825191683,0.1106162673612497,0.3202665807141238,0.24589460505874972,0.20486235081673065
-2,1000,25,0,1,0.3680478394858194,0.10753088979155392,0.5037525102549224,0.23630883312317155,0.2321035081090527
-2,1000,25,0,1,0.38616564837787304,0.1086798506990574,0.696094818914097,0.2170479365493161,0.20339961312165653
-2,1000,25,0,1,0.23559080560470355,0.09247073775345876,0.5189798703536956,0.19855644581385606,0.14248781660862436
-2,1000,25,0,1,0.22636905446900377,0.09105078496407881,0.521136604633416,0.20283706211853256,0.18555234365638493
-2,1000,25,0,1,0.11919137496505591,0.09650433381888997,0.32836837543604125,0.20138163182019864,0.16693458458333613
-2,1000,25,0,1,0.24608693713663737,0.10148277592115455,0.3986884719191352,0.19682430867630463,0.1433959493424574
-2,1000,25,0,1,0.21325472910083196,0.099464867788866193,0.3826357612040141,0.20012742471241854,0.14642362247325422
-2,1000,25,0,1,0.3488447114685273,0.10658827344075594,0.5338724024831024,0.20528587573276164,0.18737751411510117
-2,1000,25,0,1,0.2276508342852845,0.11186648948845311,0.42458180753895547,0.23785729227002217,0.23056174604216265
-2,1000,25,0,1,0.5640166227789334,0.11316906872206997,0.8406173934836164,0.22587692120492137,0.19153557231975954
-2,1000,25,0,1,0.2835770942170904,0.09690314011420303,0.4943393758029266,0.1927244104353481,0.1614508454976368
-2,1000,25,0,1,0.45114364962539066,0.11126667575172376,0.7315726393644456,0.21744122731614288,0.18902488596470887
-2,1000,25,0,1,0.1470553927021048,0.10942793079093391,0.3684321132944291,0.23140873407698545,0.2092535610636531
-2,1000,25,0,1,0.3124973621856545,0.1141092616948937,0.5161995773109062,0.20060223414212178,0.1686235553448434
-2,1000,25,0,1,0.2290120654402862,0.10768850375523684,0.39384928113162665,0.21669390653939782,0.18237370049010218
-2,1000,25,0,1,0.2170660748662714,0.10212745542866922,0.2810883866975055,0.22971683776905136,0.19457723243697328
-2,1000,25,0,1,0.33453579154159885,0.10749845321993097,0.7061439675409115,0.22736664389220462,0.18765796045252203
-2,1000,25,0,1,0.302059413290489,0.09958266312100261,0.4055862199915337,0.20744564532440407,0.14290125974740284
-2,1000,25,0,1,0.48046136915789484,0.1063942526991611,0.6939039734091066,0.2143510573107291,0.1631926128012653
-2,1000,25,0,1,0.16787878182911567,0.10041006284715213,0.32412708013110975,0.20128054925881336,0.15411260762125112
-2,1000,25,0,1,0.3369064323778537,0.12139173511562225,0.6524962109509929,0.20688898174446868,0.16920955027316498
-2,1000,25,0,1,0.3795278505717541,0.11076887610506522,0.4995239511614444,0.20666350407001827,0.14909725318255665
-2,1000,25,0,1,0.13724930917746375,0.11009055593993775,0.4407456144881838,0.21330437197593896,0.1914831505300425
-2,1000,25,0,1,0.3374480570677143,0.10231916391671407,0.7262944475603716,0.20162398112087312,0.15942323133029287
-2,1000,25,0,1,0.3156928438209068,0.11186617319065736,0.5630055402984989,0.21259522709269169,0.16956397083128774
-2,1000,25,0,1,0.3627541107114604,0.10454111517215055,0.6716705043708154,0.2028657974369489,0.1710410891848327
-2,1000,25,0,1,0.19735551562587927,0.09813109722729504,0.28870926571422517,0.22633584388429578,0.16518860085678513
-2,1000,25,0,1,0.2073587828448556,0.09352253127278841,0.4090866774884902,0.18515308860504734,0.12276974968018803
-2,1000,25,0,1,0.19389486168684922,0.11307535384126177,0.5695041205465646,0.21228154460681725,0.18812776906773845
-2,1000,25,0,1,0.36069971241123155,0.10432999571751297,0.7871142342065853,0.21321859447365699,0.1994292346438136
-2,1000,25,0,1,0.23365615097748527,0.10692863560880264,0.4672909341290136,0.19207941099367382,0.1462551438623231
-2,1000,25,0,1,0.3258348149327248,0.10802160559028898,0.47357405379754763,0.24685237489843265,0.19796267206998422
-2,1000,25,0,1,0.50647902073738,0.11302891164553076,0.8084910074525208,0.23671475530021913,0.21364246362718942
-2,1000,25,0,1,0.264122804840579,0.10338710104352236,0.6188990454869058,0.20651148191312296,0.16875345275710804
-2,1000,25,0,1,0.36506552157267286,0.11202063964849586,0.4756807530318173,0.20032622016833426,0.17280282674055872
-2,1000,25,0,1,0.261502482455468,0.09645226963641504,0.5284375210287363,0.2035946676933612,0.1925422222279484
-2,1000,25,0,1,0.2426788820764748,0.1022431480386346,0.32575164622297603,0.2141321088873312,0.16987190213168965
-2,1000,25,0,1,0.3561290479010087,0.10952106269951027,0.6290298948442054,0.22377586231310043,0.2056032082319109
-2,1000,25,0,1,0.3270025234021878,0.09467067123593352,0.5579361701666794,0.2284447263435795,0.1728572224547167
-2,1000,25,0,1,0.21505649872802496,0.09912563553146939,0.25310248518271494,0.19910029532895604,0.16305600398500647
-2,1000,25,0,1,0.30648420369845214,0.10174792967712178,0.6010954827996683,0.1963385164338257,0.15089570390703771
-2,1000,25,0,1,0.27178369866763447,0.10195098073283426,0.6073038749739199,0.20067119888578583,0.14478897983621253
-2,1000,25,0,1,0.3004277602151202,0.11022966765088185,0.7661887004943099,0.21078450923574524,0.17335036319006555
-2,1000,25,0,1,0.3382751293426046,0.10058311128559211,0.4869061933189679,0.25723584671010663,0.2829226976923856
-2,1000,25,0,1,0.1916060955457319,0.10270787966526457,0.3560334520824943,0.20824704693849633,0.1638643685267498
-2,1000,25,0,1,0.24453863948846577,0.09854721248854577,0.3959272880926515,0.1945773926219578,0.14076622151659565
-2,1000,25,0,1,0.15844103984242194,0.09588003718442768,0.3044381650152538,0.18540610076767666,0.12354392277576387
-2,1000,25,0,1,0.050587914050734026,0.08576296473024897,0.16535794063505607,0.22209573363679333,0.15050806529330663
-2,1000,25,0,1,0.273453930047973,0.10227715376587196,0.40063580054379894,0.1960377197429699,0.14501172611216576
-2,1000,25,0,1,0.15153339867629526,0.1002225765002988,0.36090259309043554,0.20232432677138235,0.14587787387154
-2,1000,25,0,1,0.4276162859916937,0.11565583999366798,0.6231514497246324,0.22760592303166613,0.1844822739847812
-2,1000,25,0,1,0.27994073301038885,0.10375256178586177,0.5250411718757412,0.1941065534177563,0.14603266047624264
-2,1000,25,0,1,0.2610408294242009,0.1080265480803782,0.48605917557183537,0.20681128105422858,0.19945947738835348
-2,1000,25,0,1,0.3056224648827981,0.10599213702986889,0.6610338952011845,0.23852841021302087,0.18685529387239017
-2,1000,25,0,1,0.37207186993218105,0.09767813785432435,0.5487826284984757,0.22945841832359554,0.23798358994253818
-2,1000,25,0,1,0.26418963370693627,0.10603356234447747,0.46221494520403694,0.22692439465279915,0.16446246044068014
-2,1000,25,0,1,0.32299232696082564,0.10748359871801068,0.5305075707701358,0.20272643295043666,0.19879216260750757
-2,1000,25,0,1,0.17346168448108923,0.10425833926631814,0.5361497146234891,0.19757091462474788,0.1623798538289709
-2,1000,25,0,1,0.31445333452165297,0.09970299464525896,0.5950692505941878,0.21116978831766334,0.16803060310291554
-2,1000,25,0,1,0.5041878745259486,0.11236500633020374,0.91065939791681,0.23104309990247587,0.19109116006272797
-2,1000,25,0,1,0.3584901103416465,0.10673498659243459,0.6009399666950036,0.21442569870510172,0.15208157255475313
-2,1000,25,0,1,0.40830374065936664,0.12982104690841714,0.8761930099543715,0.22824278281635274,0.19277234767773155
-2,1000,25,0,1,0.2721479508060301,0.10943701852024017,0.5297675872262739,0.217683414019506,0.19869869943664664
-2,1000,25,0,1,0.23551596999543814,0.10458446483664122,0.4639600915375217,0.20227119436157073,0.16037326958912257
-2,1000,25,0,1,0.3456880021128305,0.10930808200875493,0.5850139969185656,0.21163534322418945,0.167862571769892
-2,1000,25,0,1,0.3730729634739984,0.10054171104076765,0.43242762714527916,0.20420405693737248,0.14842027738622712
-2,1000,25,0,1,0.25648208767129843,0.0957662441467486,0.523247545479315,0.22242415852100617,0.16828731902874325
-2,1000,25,0,1,0.2873915132888123,0.10298714040117159,0.5853352791442453,0.2195541777396857,0.1703934985672792
-2,1000,25,0,1,0.3496388217645455,0.10332841319343072,0.7203481268285056,0.21606690256155364,0.21343276492043733
-2,1000,25,0,1,0.31189691967546523,0.10738919329271791,0.6272713971646667,0.19783362883632646,0.14835343462442652
-2,1000,25,0,1,0.3530141704867362,0.10642217709724414,0.635780872453401,0.21749023297217063,0.201559183156362
-2,1000,25,0,1,0.16036906967092435,0.1098018828773477,0.4296113350144889,0.21658924857123785,0.17298435586457273
-2,1000,25,0,1,0.30896056840307373,0.11127492925741798,0.5078896260922946,0.22565132721778489,0.16892199234055905
-2,1000,25,0,1,0.3340136446872071,0.10312848747837015,0.44212703871566034,0.2252768155742007,0.17489226584787745
-2,1000,25,0,1,0.3929745066269502,0.11550249803292435,0.6353976407586693,0.2064027176008201,0.18349217595274042
-2,1000,25,0,1,0.49018763677721316,0.10892569147056137,0.7402486653038316,0.2000049585821539,0.1568036209273294
-2,1000,25,0,1,0.38509863240475234,0.10923973197270462,0.7100746425876622,0.20460669649269647,0.17546927713357216
-2,1000,25,0,1,0.34620555858448415,0.10508773114999213,0.39304176188274675,0.23274329198637186,0.2026222428318825
-2,1000,25,0,1,0.36069735937500014,0.09815127132607171,0.47543994718740484,0.2037001763437855,0.14146302725696863
-2,1000,25,0,1,0.36560442910019825,0.10364447370342415,0.6212437567079887,0.21178159191292048,0.17989325778648452
-2,1000,25,0,1,0.46129665038796286,0.12121976845965571,0.7092876919872176,0.20897938766579055,0.17680914521776994
-2,1000,25,0,1,0.4263869528868157,0.10410537707753478,0.7629335315182731,0.21488685337590538,0.1591455708973295
-2,1000,25,0,1,0.5118045180811831,0.10629724240626441,0.7841641343746816,0.20842096639933058,0.14142462482118387
-2,1000,25,0,1,0.42633829945942564,0.1171379296392139,0.6675131957299199,0.2190138535994446,0.2215386941930459
